[Header],,,,,,,,,,
IEMFileVersion,5,,,,,,,,,
Date,9/20/2018,,,,,,,,,
Workflow,GenerateFASTQ,,,,,,,,,
Application,NextSeq FASTQ Only,,,,,,,,,
Instrument Type,NextSeq/MiniSeq,,,,,,,,,
Assay,TruSeq Stranded mRNA,,,,,,,,,
Index Adapters,IDT-ILMN TruSeq RNA UD Indexes (96 Indexes),,,,,,,,,
Description,,,,,,,,,,
Chemistry,Amplicon,,,,,,,,,
,,,,,,,,,,
[Reads],,,,,,,,,,
76,,,,,,,,,,
76,,,,,,,,,,
,,,,,,,,,,
[Settings],,,,,,,,,,
Adapter,AGATCGGAAGAGCACACGTCTGAACTCCAGTCA,,,,,,,,,
AdapterRead2,AGATCGGAAGAGCGTCGTGTAGGGAAAGAGTGT,,,,,,,,,
,,,,,,,,,,
[Data],,,,,,,,,,
Sample_ID,Sample_Name,Sample_Plate,Sample_Well,Index_Plate_Well,I7_Index_ID,index,I5_Index_ID,index2,Sample_Project,Description
GENELAB-0001284-2018-NHC,,,,A01,UDI0001,CCGCGGTT,UDI0001,CTAGCGCT,,E3_ISO_Ctrl_VSMC_NE
GENELAB-0001285-2018-NHC,,,,B01,UDI0002,TTATAACC,UDI0002,TCGATATC,,E3_ISO_Ctrl_VSMC_PM
GENELAB-0001286-2018-NHC,,,,C01,UDI0003,GGACTTGG,UDI0003,CGTCTGCG,,E3_ISO_Ctrl_VSMC_LM
GENELAB-0001287-2018-NHC,,,,D01,UDI0004,AAGTCCAA,UDI0004,TACTCATA,,608_HGPS_VSMC_NE
GENELAB-0001288-2018-NHC,,,,E01,UDI0005,ATCCACTG,UDI0005,ACGCACCT,,608_HGPS_VSMC_PM
GENELAB-0001289-2018-NHC,,,,F01,UDI0006,GCTTGTCA,UDI0006,GTATGTTC,,608_HGPS_VSMC_LM
GENELAB-0001296-2018-NHC,,,,G01,UDI0007,CAAGCTAG,UDI0007,CGCTATGT,,Mouse_Lung_3wk_Saline_1
GENELAB-0001297-2018-NHC,,,,H01,UDI0008,TGGATCGA,UDI0008,TATCGCAC,,Mouse_Lung_3wk_BLM_IgG_1
GENELAB-0001298-2018-NHC,,,,A02,UDI0009,AGTTCAGG,UDI0009,TCTGTTGG,,Mouse_Lung_3wk_BLM_3C6_1
GENELAB-0001299-2018-NHC,,,,B02,UDI0010,GACCTGAA,UDI0010,CTCACCAA,,Mouse_Lung_3wk_Saline_2
GENELAB-0001300-2018-NHC,,,,C02,UDI0011,TCTCTACT,UDI0011,GAACCGCG,,Mouse_Lung_3wk_BLM_IgG_2
GENELAB-0001301-2018-NHC,,,,D02,UDI0012,CTCTCGTC,UDI0012,AGGTTATA,,Mouse_Lung_3wk_BLM_3C6_2
GENELAB-0001302-2018-NHC,,,,E02,UDI0013,CCAAGTCT,UDI0013,TCATCCTT,,Mouse_Lung_3wk_Saline_3
GENELAB-0001303-2018-NHC,,,,F02,UDI0014,TTGGACTC,UDI0014,CTGCTTCC,,Mouse_Lung_3wk_BLM_IgG_3
GENELAB-0001304-2018-NHC,,,,G02,UDI0015,GGCTTAAG,UDI0015,GGTCACGA,,Mouse_Lung_3wk_BLM_3C6_3
GENELAB-0001305-2018-NHC,,,,H02,UDI0016,AATCCGGA,UDI0016,AACTGTAG,,Mouse_Lung_3wk_Saline_4
GENELAB-0001306-2018-NHC,,,,A03,UDI0017,TAATACAG,UDI0017,GTGAATAT,,Mouse_Lung_3wk_BLM_IgG_4
GENELAB-0001307-2018-NHC,,,,B03,UDI0018,CGGCGTGA,UDI0018,ACAGGCGC,,Mouse_Lung_3wk_BLM_3C6_4
